{
    "geoserver_url": "194.5.175.9",
    "port": 8090,
    "shape_files": [
        {
            "floor": -3,
            "workspace": "PManagement",
            "layers": {
                "path": "route_03",
                "parking_spot": "park_3",
                "rollup": "roll-up",
                "LED": "LED",
                "camera_camera": "camera_3",
                "camera_checkpoint": "check",
                "camera_fisheye": "fisheye",
                "building_building": "building_3",
                "builing_inout": "input-output",
                "building_ramp": "ramp_3",
                "building_stairs": "stairs",
                "building_gates": "gate_3"
            },
            "srs": "EPSG:32639",
            "width": 800,
            "height": 400,
            "bbox_minx": 330.42540000006557,
            "bbox_maxx": -20.221000000834465,
            "bbox_miny": 505.91760000027716,
            "bbox_maxy": 39.48960000090301
        },
        {
            "floor": -4,
            "workspace": "PManagement2",
            "layers": {
                "path": "route_4_01_1",
                "parking_spot": "park_4",
                "camera": "camera_4",
                "building": "building_4_1"
            },
            "srs": "EPSG:32639",
            "width": 800,
            "height": 400,
            "bbox_minx": 324.82169016450644,
            "bbox_maxx": -20.013759387657046,
            "bbox_miny": 502.4397236371676,
            "bbox_maxy": 51.63060546089918
        }
    ],
    "search_panels": [
        {
            "panel_name": "E1",
            "entering_path_name": "path1",
            "floor": -3
        },
        {
            "panel_name": "E2",
            "entering_path_name": "path4",
            "floor": -3
        },
        {
            "panel_name": "E3",
            "entering_path_name": "path12",
            "floor": -4
        }
    ]
}
